,0,hosts,pagerank
0,http://www.americanborderpatrol.com,www.americanborderpatrol.com,0.006602376214599482
1,http://www.immigrationcontrol.com,www.immigrationcontrol.com,0.006602376214599482
2,http://www.alipac.us,www.alipac.us,0.006602376214599482
3,http://www.borderkeepersofalabama.org,www.borderkeepersofalabama.org,0.0017724422458504734
4,http://www.capsweb.org,www.capsweb.org,0.006602376214599482
5,http://www.cis.org,www.cis.org,0.006602376214599482
6,http://www.cairco.org,www.cairco.org,0.006602376214599482
7,http://www.fairus.org,www.fairus.org,0.006602376214599482
8,http://www.irli.org,www.irli.org,0.006602376214599482
9,http://www.golifa.org,www.golifa.org,0.0017724422458504734
10,http://www.nciraction.org,www.nciraction.org,0.0017724422458504734
11,http://www.nyice.us,www.nyice.us,0.0017724422458504734
12,http://www.proenglish.org,www.proenglish.org,0.0017724422458504734
13,http://www.defendthefamily.com,www.defendthefamily.com,0.0017724422458504734
14,http://www.adflegal.org,www.adflegal.org,0.006602376214599482
15,http://www.acpeds.org,www.acpeds.org,0.006602376214599482
16,http://www.afa.net,www.afa.net,0.006602376214599482
17,http://www.afaofpa.org,www.afaofpa.org,0.0017724422458504734
18,http://www.americansfortruth.com,www.americansfortruth.com,0.0017724422458504734
19,http://www.americanvision.org,www.americanvision.org,0.0017724422458504734
20,http://www.atlah.org,www.atlah.org,0.006602376214599482
21,http://www.brojed.org,www.brojed.org,0.006602376214599482
22,http://www.c-fam.org,www.c-fam.org,0.0017724422458504734
23,http://www.chalcedon.edu,www.chalcedon.edu,0.0017724422458504734
24,http://www.ccv.org,www.ccv.org,0.006602376214599482
25,http://www.crtpac.com,www.crtpac.com,0.0017724422458504734
26,http://www.djameskennedy.org,www.djameskennedy.org,0.0017724422458504734
27,http://faithbaptistchurchprimrose.com,faithbaptistchurchprimrose.com,0.0017724422458504734
28,http://www.f2a.org,www.f2a.org,0.0017724422458504734
29,http://www.faithfulwordbaptist.org,www.faithfulwordbaptist.org,0.0017724422458504734
30,http://www.frc.org,www.frc.org,0.006602376214599482
31,http://www.familyresearchinst.org,www.familyresearchinst.org,0.006602376214599482
32,http://www.familywatchinternational.org,www.familywatchinternational.org,0.0017724422458504734
33,http://www.generationswithvision.com,www.generationswithvision.com,0.0017724422458504734
34,http://www.home60515.com,www.home60515.com,0.0017724422458504734
35,http://www.illinoisfamily.org,www.illinoisfamily.org,0.006602376214599482
36,http://www.lc.org,www.lc.org,0.006602376214599482
37,http://www.massresistance.org,www.massresistance.org,0.0017724422458504734
38,http://www.reclaimvirtue.com,www.reclaimvirtue.com,0.0017724422458504734
39,http://www.massresistancemo.org,www.massresistancemo.org,0.0017724422458504734
40,http://www.virginiamassresistance.org,www.virginiamassresistance.org,0.0017724422458504734
41,http://www.missionamerica.com,www.missionamerica.com,0.0017724422458504734
42,http://www.pacificjustice.org,www.pacificjustice.org,0.0017724422458504734
43,http://www.coachdavelive.com,www.coachdavelive.com,0.0017724422458504734
44,http://www.pccmonroe.org,www.pccmonroe.org,0.0017724422458504734
45,http://www.prayinjesusname.org,www.prayinjesusname.org,0.0017724422458504734
46,http://www.probe.org,www.probe.org,0.0017724422458504734
47,http://www.prbcnc.com,www.prbcnc.com,0.0017724422458504734
48,http://www.ruthinstitute.org,www.ruthinstitute.org,0.0017724422458504734
49,http://www.savecalifornia.com,www.savecalifornia.com,0.0017724422458504734
50,http://www.stedfastbaptistkjv.org,www.stedfastbaptistkjv.org,0.0017724422458504734
51,http://www.tcfamily.org,www.tcfamily.org,0.0017724422458504734
52,http://www.tbm.org,www.tbm.org,0.0017724422458504734
53,http://www.traditionalvalues.org,www.traditionalvalues.org,0.0017724422458504734
54,http://www.truelightpentecost.org,www.truelightpentecost.org,0.0017724422458504734
55,http://www.unitedfamilies.org,www.unitedfamilies.org,0.0017724422458504734
56,http://www.veritybaptist.com,www.veritybaptist.com,0.0017724422458504734
57,http://www.godhatesfags.com,www.godhatesfags.com,0.0017724422458504734
58,http://www.windorhills.org,www.windorhills.org,0.0017724422458504734
59,http://www.worldcongress.org,www.worldcongress.org,0.0017724422458504734
60,http://www.iiisecurityforce.com/,www.iiisecurityforce.com,0.0017724422458504734
61,http://www.actforamerica.org/,www.actforamerica.org,0.0017724422458504734
62,http://www.altrafirearms.com/,www.altrafirearms.com,0.0017724422458504734
63,http://www.americanconstitutioncenter.org/,www.americanconstitutioncenter.org,0.0017724422458504734
64,http://www.americanfreedomalliance.org/,www.americanfreedomalliance.org,0.0017724422458504734
65,http://pamelageller.com/,pamelageller.com,0.006602376214599482
66,http://www.americanfreedomlawcenter.org/,www.americanfreedomlawcenter.org,0.0017724422458504734
67,http://www.barenakedislam.com/,www.barenakedislam.com,0.0017724422458504734
68,http://www.bombislam.com/,www.bombislam.com,0.0017724422458504734
69,http://fawstin.blogspot.com/,fawstin.blogspot.com,0.0017724422458504734
70,http://centerforsecuritypolicy.org/,centerforsecuritypolicy.org,0.0017724422458504734
71,http://christianaction.org/,christianaction.org,0.0017724422458504734
72,https://cfns.us/,cfns.us,0.0017724422458504734
73,http://www.citizenwarrior.com/,www.citizenwarrior.com,0.0017724422458504734
74,http://www.clarionproject.org/,www.clarionproject.org,0.0017724422458504734
75,http://www.horowitzfreedomcenter.org/,www.horowitzfreedomcenter.org,0.0017724422458504734
76,http://www.faithfreedom.org/,www.faithfreedom.org,0.0017724422458504734
77,www.familysecuritymatters.org/,,0.0017724422458504734
78,http://www.fortressoffaith.org/,www.fortressoffaith.org,0.0017724422458504734
79,http://www.acts17.net/,www.acts17.net,0.0017724422458504734
80,http://islamthreat.com/,islamthreat.com,0.0017724422458504734
81,https://www.jihadwatch.org/,www.jihadwatch.org,0.006602376214599482
82,http://lincolncountycan.com/,lincolncountycan.com,0.0017724422458504734
83,http://pigbloodbullets.com/,pigbloodbullets.com,0.0017724422458504734
84,https://www.politicalislam.com/,www.politicalislam.com,0.0017724422458504734
85,http://www.blogtalkradio.com/global-patriot-radio,www.blogtalkradio.com,0.0017724422458504734
86,http://refugeeresettlementwatch.wordpress.com/,refugeeresettlementwatch.wordpress.com,0.0017724422458504734
87,http://www.religiousfreedomcoalition.org/,www.religiousfreedomcoalition.org,0.0017724422458504734
88,http://securemichigan.org/,securemichigan.org,0.0017724422458504734
89,http://www.silverbulletgunoil.net/,www.silverbulletgunoil.net,0.0017724422458504734
90,http://www.siotw.org/,www.siotw.org,0.0017724422458504734
91,http://www.thestraightway.org/,www.thestraightway.org,0.0017724422458504734
92,http://sultanknish.blogspot.com/,sultanknish.blogspot.com,0.0017724422458504734
93,http://www.teamamericapac.com/,www.teamamericapac.com,0.0017724422458504734
94,http://www.treasurevalleyrefugeefacts.org/,www.treasurevalleyrefugeefacts.org,0.0017724422458504734
95,http://www.tilproject.com/,www.tilproject.com,0.0017724422458504734
96,http://understandingthethreat.com/,understandingthethreat.com,0.0017724422458504734
97,http://theunitedwest.org/,theunitedwest.org,0.0017724422458504734
98,http://www.vachristian.org/,www.vachristian.org,0.0017724422458504734
99,http://2servethapeople.wixsite.com/brlp,2servethapeople.wixsite.com,0.0017724422458504734
100,http://israelunite.org/,israelunite.org,0.0017724422458504734
101,http://www.thecomforter.info/main/,www.thecomforter.info,0.0017724422458504734
102,http://www.isupk.org/,www.isupk.org,0.0017724422458504734
103,https://www.noi.org/,www.noi.org,0.0017724422458504734
104,http://www.nbpp.org/,www.nbpp.org,0.0017724422458504734
105,https://www.nbppnational.org/,www.nbppnational.org,0.0017724422458504734
106,http://www.exodus1715.info/,www.exodus1715.info,0.0017724422458504734
107,http://waronthehorizon.com/,waronthehorizon.com,0.0017724422458504734
108,http://www.alleyesonegiptchgo.webs.com/,www.alleyesonegiptchgo.webs.com,0.0017724422458504734
109,http://www.thenationspeaks.org/,www.thenationspeaks.org,0.0017724422458504734
110,http://www.aeoebookstore.com/,www.aeoebookstore.com,0.0017724422458504734
111,http://muhammadmosque69.blogspot.com/,muhammadmosque69.blogspot.com,0.0017724422458504734
112,http://www.noimosque32.com/,www.noimosque32.com,0.0017724422458504734
113,https://v1.noi.org/reg_western_region.htm,v1.noi.org,0.0017724422458504734
114,http://muhammadmosque8.com/,muhammadmosque8.com,0.0017724422458504734
115,http://shondelenterprise.wix.com/mosque-97#!contact,shondelenterprise.wix.com,0.0017724422458504734
116,http://stocktonnoi.wix.com/info#!__stockton---nation-of-islam/contact,stocktonnoi.wix.com,0.0017724422458504734
117,http://noidc.org/,noidc.org,0.0017724422458504734
118,http://mm29.org/,mm29.org,0.0017724422458504734
119,http://noiatlanta.org/,noiatlanta.org,0.0017724422458504734
120,http://www.noirockford.com/,www.noirockford.com,0.0017724422458504734
121,http://mosque74.org/,mosque74.org,0.0017724422458504734
122,http://addr.ws/the-nation-of-islam-lexington-ky-study-group--lexington-us.html,addr.ws,0.0017724422458504734
123,http://www.noidetroit.org/,www.noidetroit.org,0.0017724422458504734
124,http://www.noigrandrapids.com/,www.noigrandrapids.com,0.0017724422458504734
125,http://www.mosque34.org/,www.mosque34.org,0.0017724422458504734
126,http://www.mosque36.com/,www.mosque36.com,0.0017724422458504734
127,http://noiwinstonsalem.wixsite.com/wsstudygroup/services,noiwinstonsalem.wixsite.com,0.0017724422458504734
128,http://noibuffalo.org/,noibuffalo.org,0.0017724422458504734
129,http://noirochester.org/,noirochester.org,0.0017724422458504734
130,https://muhammadmosque7c.org/,muhammadmosque7c.org,0.0017724422458504734
131,http://noicolumbus.org/,noicolumbus.org,0.0017724422458504734
132,http://muhammadstemple12.faithweb.com/,muhammadstemple12.faithweb.com,0.0017724422458504734
133,http://www.pghmosque22.org/,www.pghmosque22.org,0.0017724422458504734
134,http://www.noicharlestonsc.org/,www.noicharlestonsc.org,0.0017724422458504734
135,https://v1.noi.org/reg_southwest_region.htm,v1.noi.org,0.0017724422458504734
136,http://www.noidallas.org/,www.noidallas.org,0.0017724422458504734
137,http://asgsouthwest.blogspot.com/2010/05/nation-of-islam-meeting-times.html,asgsouthwest.blogspot.com,0.0017724422458504734
138,http://muhammadmosque24.webs.com/,muhammadmosque24.webs.com,0.0017724422458504734
139,https://etrigg.com/location/muhammad-mosque-3-4202-n-teutonia-ave-53209-milwaukee-united-states/2988321/,etrigg.com,0.0017724422458504734
140,http://unclesamsmisguidedchildren.com/,unclesamsmisguidedchildren.com,0.0017724422458504734
141,http://www.texemarrs.com/,www.texemarrs.com,0.0017724422458504734
142,http://www.jdl.org/,www.jdl.org,0.0017724422458504734
143,http://americanfreepress.net/,americanfreepress.net,0.0017724422458504734
144,http://truthtellers.org/index.html,truthtellers.org,0.0017724422458504734
145,http://www.alamoministries.com/content/english/,www.alamoministries.com,0.0017724422458504734
146,http://www.chick.com/,www.chick.com,0.0017724422458504734
147,http://www.ccfiile.com/,www.ccfiile.com,0.0017724422458504734
148,http://puttroopsontheborder.com/ozarkcraft.html,puttroopsontheborder.com,0.0017724422458504734
149,http://www.culturalstudiespress.com/,www.culturalstudiespress.com,0.0017724422458504734
150,http://www.a2zpublications.com/,www.a2zpublications.com,0.0017724422458504734
151,http://sonsofodin1519.org/,sonsofodin1519.org,0.0017724422458504734
152,http://stores.invictusbooks.com/,stores.invictusbooks.com,0.0017724422458504734
153,http://liveprayer.com/index.cfm,liveprayer.com,0.0017724422458504734
154,https://jtf.org/,jtf.org,0.0017724422458504734
155,http://sonsoflibertymedia.com/,sonsoflibertymedia.com,0.0017724422458504734
156,https://www.officialstreetpreachers.com/,www.officialstreetpreachers.com,0.0017724422458504734
157,http://www.aggressivechristianity.net/,www.aggressivechristianity.net,0.0017724422458504734
158,http://sabiqun.org/,sabiqun.org,0.0017724422458504734
159,http://vaticanassassins.org/,vaticanassassins.org,0.0017724422458504734
160,http://www.americanclarion.com/,www.americanclarion.com,0.0017724422458504734
161,http://www.insightusa.us/,www.insightusa.us,0.0017724422458504734
162,http://www.defendchristians.org/,www.defendchristians.org,0.0017724422458504734
163,http://www.eaec.org/,www.eaec.org,0.0017724422458504734
164,http://brothernathanaelfoundation.org/,brothernathanaelfoundation.org,0.0017724422458504734
165,http://sharkhunters.com/,sharkhunters.com,0.0017724422458504734
166,http://active-democracy.com/,active-democracy.com,0.0017724422458504734
167,http://www.renseradio.com/,www.renseradio.com,0.0017724422458504734
168,http://www.dixienet.org/,www.dixienet.org,0.0017724422458504734
169,http://leagueofthesouth.com/,leagueofthesouth.com,0.0017724422458504734
170,http://freeflorida.org/,freeflorida.org,0.0017724422458504734
171,https://floridafireeater.com/,floridafireeater.com,0.0017724422458504734
172,http://kentuckyleagueofthesouth.webs.com/,kentuckyleagueofthesouth.webs.com,0.0017724422458504734
173,http://www.occidentaldissent.com/,www.occidentaldissent.com,0.0017724422458504734
174,https://southernfuture.com/,southernfuture.com,0.0017724422458504734
175,https://radio.therightstuff.biz/,radio.therightstuff.biz,0.0017724422458504734
176,http://dixierepublic.com/,dixierepublic.com,0.0017724422458504734
177,http://dixieoutfitters.com/pages/blog/category/news/interesting-email/,dixieoutfitters.com,0.0017724422458504734
178,https://freenorthcarolina.blogspot.com/,freenorthcarolina.blogspot.com,0.0017724422458504734
179,http://www.southernagrarian.com/,www.southernagrarian.com,0.0017724422458504734
180,https://shotgunwildatheart.wordpress.com/,shotgunwildatheart.wordpress.com,0.0017724422458504734
181,https://westernrifleshooters.wordpress.com/,westernrifleshooters.wordpress.com,0.0017724422458504734
182,http://www.freemagnolia.org/,www.freemagnolia.org,0.0017724422458504734
183,http://faithandheritage.com/,faithandheritage.com,0.0017724422458504734
184,http://www.therightvoice.net/,www.therightvoice.net,0.0017724422458504734
185,https://appalachianrepublic.wordpress.com/,appalachianrepublic.wordpress.com,0.0017724422458504734
186,www.americanfront.org,,0.0017724422458504734
187,http://www.aryanstrikeforce318.org/,www.aryanstrikeforce318.org,0.0017724422458504734
188,http://aryanterrorbrigade.tumblr.com/,aryanterrorbrigade.tumblr.com,0.0017724422458504734
189,http://www.atb318.com/,www.atb318.com,0.0017724422458504734
190,http://hammerskins.net/,hammerskins.net,0.0017724422458504734
191,http://www.crew38.com/forum38/forum.php,www.crew38.com,0.0017724422458504734
192,http://www.antipathyrecords.com/,www.antipathyrecords.com,0.0017724422458504734
193,http://www.goldenstateskinheads.net/,www.goldenstateskinheads.net,0.0017724422458504734
194,http://www.goldenstateskinheads.net/forum/,www.goldenstateskinheads.net,0.0017724422458504734
195,https://keystone2001united.wordpress.com/,keystone2001united.wordpress.com,0.0017724422458504734
196,http://myforum.kss2001.com/,myforum.kss2001.com,0.0017724422458504734
197,http://www.label56.com/,www.label56.com,0.0017724422458504734
198,https://www.facebook.com/Label-56-LLC-577266465630487/,www.facebook.com,0.006602376214599482
199,http://www.sadisticsoulsmc.org/,www.sadisticsoulsmc.org,0.0017724422458504734
200,http://americanvikings.com/,americanvikings.com,0.0017724422458504734
201,http://americanvikings.us,americanvikings.us,0.0017724422458504734
202,http://desastrious.blogspot.com/,desastrious.blogspot.com,0.0017724422458504734
203,https://www.storenvy.com/stores/54922-behold-barbarity,www.storenvy.com,0.0017724422458504734
204,https://www.facebook.com/Behold-Barbarity-records-and-distro-297670707109170/,www.facebook.com,0.0017724422458504734
205,http://beholdbarbarity.storenvy.com/,beholdbarbarity.storenvy.com,0.0017724422458504734
206,http://www.hellsheadbangers.com/,www.hellsheadbangers.com,0.0017724422458504734
207,https://www.facebook.com/hellsheadbangers,www.facebook.com,0.0017724422458504734
208,https://hellsheadbangers.bandcamp.com/,hellsheadbangers.bandcamp.com,0.0017724422458504734
209,https://www.facebook.com/hostile.class,www.facebook.com,0.0017724422458504734
210,http://unitedriotrecords.blogspot.com/,unitedriotrecords.blogspot.com,0.0017724422458504734
211,http://unitedriotrecords.bigcartel.com/,unitedriotrecords.bigcartel.com,0.0017724422458504734
212,https://www.facebook.com/unitedriotrecords/,www.facebook.com,0.0017724422458504734
213,https://www.tumblr.com/search/united%20riot%20records,www.tumblr.com,0.006602376214599482
214,http://www.angelfire.com/indie/unitedriotrecords/frameset.html,www.angelfire.com,0.0017724422458504734
215,http://neversurrenderrecords.com/,neversurrenderrecords.com,0.0017724422458504734
216,http://www.chesterstomp.com/store.html,www.chesterstomp.com,0.0017724422458504734
217,http://www.punishmentblockrecords.limitedrun.com/,www.punishmentblockrecords.limitedrun.com,0.0017724422458504734
218,http://www.hooliganstreetmerch.com/,www.hooliganstreetmerch.com,0.0017724422458504734
219,http://www.punishmentblockrecords.limitedrun.com/,www.punishmentblockrecords.limitedrun.com,0.0017724422458504734
220,http://www.hcstreetwear.net/shop/,www.hcstreetwear.net,0.0017724422458504734
221,http://www.getsome88.com/,www.getsome88.com,0.0017724422458504734
222,http://www.isdrecords.com/,www.isdrecords.com,0.0017724422458504734
223,http://www.micetrap.net/,www.micetrap.net,0.0017724422458504734
224,http://www.micetrap.info/,www.micetrap.info,0.0017724422458504734
225,https://www.facebook.com/micetrap,www.facebook.com,0.0017724422458504734
226,http://www.whitepride.com/,www.whitepride.com,0.0017724422458504734
227,http://radiowhite.net/,radiowhite.net,0.0017724422458504734
228,www.panzerfaust.com,,0.0017724422458504734
229,https://www.facebook.com/msr19882/,www.facebook.com,0.0017724422458504734
230,http://msrproductions.com/,msrproductions.com,0.0017724422458504734
231,http://nsm88records.com/theshop/,nsm88records.com,0.0017724422458504734
232,http://www.stahlhelmrecords.com/,www.stahlhelmrecords.com,0.0017724422458504734
233,https://www.facebook.com/northerndestroyer,www.facebook.com,0.0017724422458504734
234,http://stahlhelmrecords.tumblr.com/,stahlhelmrecords.tumblr.com,0.0017724422458504734
235,http://vanguard-productions.com/home/,vanguard-productions.com,0.0017724422458504734
236,https://www.facebook.com/VanguardProdVinland/,www.facebook.com,0.0017724422458504734
237,http://www.ns88.com/,www.ns88.com,0.0017724422458504734
238,http://tightrope.cc/catalog/,tightrope.cc,0.0017724422458504734
239,http://www.resistance.com/site/,www.resistance.com,0.0017724422458504734
240,http://www.resistancerecords.com/,www.resistancerecords.com,0.0017724422458504734
241,http://www.bulldogaggression.com/,www.bulldogaggression.com,0.0017724422458504734
242,https://www.facebook.com/disarmnever/,www.facebook.com,0.0017724422458504734
243,http://www.americannaziparty.com/,www.americannaziparty.com,0.0017724422458504734
244,http://officialblackwitchery.bigcartel.com/,officialblackwitchery.bigcartel.com,0.0017724422458504734
245,http://www.deathoracle.bigcartel.com/,www.deathoracle.bigcartel.com,0.0017724422458504734
246,https://www.facebook.com/Death-Oracle-Productions-759295887436602/,www.facebook.com,0.0017724422458504734
247,http://www.nwnprod.com/,www.nwnprod.com,0.0017724422458504734
248,https://nuclearwarnowproductions.bandcamp.com/,nuclearwarnowproductions.bandcamp.com,0.0017724422458504734
249,https://www.facebook.com/Nuclear-War-Now-Productions-114864651994141/,www.facebook.com,0.0017724422458504734
250,http://www.nwnprod.com/forum/viewforum.php?f=2,www.nwnprod.com,0.0017724422458504734
251,http://osi-temple.blogspot.com/,osi-temple.blogspot.com,0.0017724422458504734
252,http://www.parasiticrecords.bigcartel.com/,www.parasiticrecords.bigcartel.com,0.0017724422458504734
253,http://parasiticrecords.blogspot.com/,parasiticrecords.blogspot.com,0.0017724422458504734
254,http://midnightbloodentertainment.blogspot.com/,midnightbloodentertainment.blogspot.com,0.0017724422458504734
255,https://www.facebook.com/Parasitic666Records/,www.facebook.com,0.0017724422458504734
256,http://bandcamp.com/tag/parasitic-records,bandcamp.com,0.0017724422458504734
257,https://www.soleilmoon.com/,www.soleilmoon.com,0.0017724422458504734
258,http://www.aryan-nations.org/,www.aryan-nations.org,0.0017724422458504734
259,https://www.facebook.com/Sadistic-Souls-MC-792247310797582/,www.facebook.com,0.0017724422458504734
260,http://www.b14usa.org/,www.b14usa.org,0.0017724422458504734
261,http://creativityalliance.com/,creativityalliance.com,0.0017724422458504734
262,http://creativitymovement.net/,creativitymovement.net,0.0017724422458504734
263,http://creativitymovement.net/forum/,creativitymovement.net,0.0017724422458504734
264,https://www.facebook.com/gallowstreewotansvolk/,www.facebook.com,0.0017724422458504734
265,https://xaameriki.wordpress.com/,xaameriki.wordpress.com,0.0017724422458504734
266,http://heathensmf.com/,heathensmf.com,0.0017724422458504734
267,http://mdnaziparty.blogspot.com/,mdnaziparty.blogspot.com,0.0017724422458504734
268,https://natall.com/,natall.com,0.0017724422458504734
269,http://www.narrg.com/,www.narrg.com,0.0017724422458504734
270,https://www.facebook.com/natallreform/,www.facebook.com,0.0017724422458504734
271,https://nsfm.sharepoint.com/Pages/default.aspx,nsfm.sharepoint.com,0.0017724422458504734
272,http://www.nsm88.org/,www.nsm88.org,0.0017724422458504734
273,http://www.theneworder.org/,www.theneworder.org,0.0017724422458504734
274,http://nspublications.com/,nspublications.com,0.0017724422458504734
275,http://www.third-reich-books.com/,www.third-reich-books.com,0.0017724422458504734
276,http://www.resist.com/,www.resist.com,0.0017724422458504734
277,http://www.resistance88.com/index1.htm#.Vv1YzJwrLIU,www.resistance88.com,0.0017724422458504734
278,https://www.facebook.com/wolfhookpride,www.facebook.com,0.0017724422458504734
279,http://www.ironcladrecords.com/,www.ironcladrecords.com,0.0017724422458504734
280,http://swa43.com/,swa43.com,0.0017724422458504734
281,http://swa43.com/forum/index.php,swa43.com,0.0017724422458504734
282,http://vinlandclothing.com/,vinlandclothing.com,0.0017724422458504734
283,http://floridaunited.weebly.com/,floridaunited.weebly.com,0.0017724422458504734
284,https://sites.google.com/site/werwolfeightyeight,sites.google.com,0.0017724422458504734
285,http://werwolf88radio.blogspot.com/,werwolf88radio.blogspot.com,0.0017724422458504734
286,http://attackthesystem.com/,attackthesystem.com,0.0017724422458504734
287,http://whitenations.com/,whitenations.com,0.0017724422458504734
288,http://www.awsnetwork.org,www.awsnetwork.org,0.0017724422458504734
289,http://www.aryanblood.net/ ,www.aryanblood.net,0.0017724422458504734
290,http://whiterabbitradio.net/,whiterabbitradio.net,0.0017724422458504734
291,http://www.whitakeronline.org,www.whitakeronline.org,0.0017724422458504734
292,http://www.aryan-nation.org/forum/,www.aryan-nation.org,0.0017724422458504734
293,http://www.aryan-nation.org/,www.aryan-nation.org,0.0017724422458504734
294,http://whitereference.blogspot.hu/,whitereference.blogspot.hu,0.0017724422458504734
295,https://www.wpww.net/,www.wpww.net,0.0017724422458504734
296,http://bootsandbraces.ning.com,bootsandbraces.ning.com,0.0017724422458504734
297,http://whitenationalists.com/,whitenationalists.com,0.0017724422458504734
298,http://www.thephora.net/forum/,www.thephora.net,0.0017724422458504734
299,http://www.robertsungenis.org/,www.robertsungenis.org,0.0017724422458504734
300,http://www.catholiccounterpoint.com/,www.catholiccounterpoint.com,0.0017724422458504734
301,http://www.cfnews.org/,www.cfnews.org,0.0017724422458504734
302,http://www.culturewars.com/,www.culturewars.com,0.0017724422458504734
303,http://www.fatimacrusader.com/,www.fatimacrusader.com,0.0017724422458504734
304,http://www.ihspress.com/index1.htm,www.ihspress.com,0.0017724422458504734
305,http://www.omnicbc.com/,www.omnicbc.com,0.0017724422458504734
306,http://remnantnewspaper.com/web/index.php,remnantnewspaper.com,0.0017724422458504734
307,http://catholicism.org/,catholicism.org,0.0017724422458504734
308,http://www.traditioninaction.org/,www.traditioninaction.org,0.0017724422458504734
309,http://isoc.ws/,isoc.ws,0.0017724422458504734
310,http://ihmmedia.net/,ihmmedia.net,0.0017724422458504734
311,http://www.mostholyfamilymonastery.com/,www.mostholyfamilymonastery.com,0.0017724422458504734
312,http://christorchaos.com/,christorchaos.com,0.0017724422458504734
313,https://sites.google.com/site/americanchristianwhiteknights/,sites.google.com,0.0017724422458504734
314,http://www.cnkkkk.net/,www.cnkkkk.net,0.0017724422458504734
315,n/a,,0.0017724422458504734
316,http://www.eastcoastknightsofthetrueinvisibleempire.com/,www.eastcoastknightsofthetrueinvisibleempire.com,0.0017724422458504734
317,https://www.georgiaknightriderskkk.com/,www.georgiaknightriderskkk.com,0.0017724422458504734
318,http://greatlakesknights.my-free.website/,greatlakesknights.my-free.website,0.0017724422458504734
319,http://www.ikkkkk.org/,www.ikkkkk.org,0.0017724422458504734
320,http://kkk.bz/,kkk.bz,0.0017724422458504734
321,http://www.knightsofthewhitedisciples.com,www.knightsofthewhitedisciples.com,0.0017724422458504734
322,http://kuklosknights.com/,kuklosknights.com,0.0017724422458504734
323,http://www.kkkknights.com/,www.kkkknights.com,0.0017724422458504734
324,http://www.nok311.com/,www.nok311.com,0.0017724422458504734
325,https://www.originalknightriders.net/,www.originalknightriders.net,0.0017724422458504734
326,http://www.knightskkk.net/,www.knightskkk.net,0.0017724422458504734
327,http://rebelbrigadeknightstrueinvisibleempire.yolasite.com,rebelbrigadeknightstrueinvisibleempire.yolasite.com,0.0017724422458504734
328,http://www.texasrebelknightskkk.com/,www.texasrebelknightskkk.com,0.0017724422458504734
329,http://traditionalistamericanknights.com/,traditionalistamericanknights.com,0.0017724422458504734
330,https://sites.google.com/site/uniteddixiewhiteknights/home,sites.google.com,0.0017724422458504734
331,http://www.theuka.us/,www.theuka.us,0.0017724422458504734
332,http://unskkkk.com/,unskkkk.com,0.0017724422458504734
333,http://www.texaskkk.com/,www.texaskkk.com,0.0017724422458504734
334,https://www.whiteknightsofthekukluxklanofamerica.com/,www.whiteknightsofthekukluxklanofamerica.com,0.0017724422458504734
335,http://sotctraininginstitute.com,sotctraininginstitute.com,0.0017724422458504734
336,http://kkkradio.com/,kkkradio.com,0.0017724422458504734
337,http://mississippiwhiteknights.com/firstpage.htm,mississippiwhiteknights.com,0.0017724422458504734
338,http://greatlakesknights.my-free.website/,greatlakesknights.my-free.website,0.0017724422458504734
339,https://whiteknightsofjustice.wordpress.com/,whiteknightsofjustice.wordpress.com,0.0017724422458504734
340,http://divine-truth.org/,divine-truth.org,0.0017724422458504734
341,http://eurofolkradio.com/,eurofolkradio.com,0.0017724422458504734
342,http://www.scripturesforamerica.org/,www.scripturesforamerica.org,0.0017724422458504734
343,http://www.americaspromiseministries.org/,www.americaspromiseministries.org,0.0017724422458504734
344,http://www.churchofisrael.org/,www.churchofisrael.org,0.0017724422458504734
345,http://www.covenantpeoplesministry.org/,www.covenantpeoplesministry.org,0.0017724422458504734
346,http://www.revandrewangel.com/site/index.html,www.revandrewangel.com,0.0017724422458504734
347,http://fgcp.org/,fgcp.org,0.0017724422458504734
348,http://www.kingidentity.com/,www.kingidentity.com,0.0017724422458504734
349,http://kinsmanredeemer.com/,kinsmanredeemer.com,0.0017724422458504734
350,http://www.missiontoisrael.org/,www.missiontoisrael.org,0.0017724422458504734
351,http://emahiser.christogenea.org/,emahiser.christogenea.org,0.0017724422458504734
352,http://www.sonplace.com/Our_Place/,www.sonplace.com,0.0017724422458504734
353,http://www.richardhoskins.com/,www.richardhoskins.com,0.0017724422458504734
354,http://www.yahushuadsciministry.us/,www.yahushuadsciministry.us,0.0017724422458504734
355,http://www.jameswickstrom.com/,www.jameswickstrom.com,0.0017724422458504734
356,http://christogenea.org/,christogenea.org,0.0017724422458504734
357,http://christianidentitychurch.net/,christianidentitychurch.net,0.0017724422458504734
358,http://www.thechristianidentityforum.net/,www.thechristianidentityforum.net,0.0017724422458504734
359,http://anglo-saxonisrael.com/,anglo-saxonisrael.com,0.0017724422458504734
360,http://davidjamesboston.com/Home/,davidjamesboston.com,0.0017724422458504734
361,http://christsassembly.com/,christsassembly.com,0.0017724422458504734
362,http://thewatermanfiles.com/,thewatermanfiles.com,0.0017724422458504734
363,http://www.truthtellers.org/,www.truthtellers.org,0.0017724422458504734
364,http://barnesreview.org/,barnesreview.org,0.0017724422458504734
365,http://www.revisionisthistory.org,www.revisionisthistory.org,0.0017724422458504734
366,http://codoh.com/,codoh.com,0.0017724422458504734
367,http://www.deiryassin.org/,www.deiryassin.org,0.0017724422458504734
368,http://ihr.org/,ihr.org,0.0017724422458504734
369,https://irvingbooks.com/xcart/home.php,irvingbooks.com,0.0017724422458504734
370,http://therealistreport.com/,therealistreport.com,0.0017724422458504734
371,http://truthwillout.tv/,truthwillout.tv,0.0017724422458504734
372,http://www.reportersnotebook.com/,www.reportersnotebook.com,0.0017724422458504734
373,http://andrewcarringtonhitchcock.com/,andrewcarringtonhitchcock.com,0.0017724422458504734
374,http://www.inconvenienthistory.com,www.inconvenienthistory.com,0.0017724422458504734
375,www.alightoncampus.com,,0.0017724422458504734
376,http://germarrudolf.com,germarrudolf.com,0.0017724422458504734
377,http://www.gilad.co.uk/,www.gilad.co.uk,0.0017724422458504734
378,https://theendofzion.com,theendofzion.com,0.0017724422458504734
379,http://www.fpp.co.uk/,www.fpp.co.uk,0.0017724422458504734
380,http://www.righteousjews.org/,www.righteousjews.org,0.0017724422458504734
381,http://alternative-right.blogspot.com/,alternative-right.blogspot.com,0.0017724422458504734
382,http://americaneagleparty.com/,americaneagleparty.com,0.0017724422458504734
383,http://americanfreedomunion.com/,americanfreedomunion.com,0.0017724422458504734
384,http://www.amren.com/,www.amren.com,0.006602376214599482
385,amren.com,,0.0017724422458504734
386,https://american-vanguard.org/,american-vanguard.org,0.0017724422458504734
387,http://www.whitakeronline.org/blog/,www.whitakeronline.org,0.0017724422458504734
388,http://conservative-headlines.com/,conservative-headlines.com,0.0017724422458504734
389,http://www.perpetualdiversity.com/,www.perpetualdiversity.com,0.0017724422458504734
390,http://www.counter-currents.com/,www.counter-currents.com,0.0017724422458504734
391,https://faithandheritage.com/,faithandheritage.com,0.0017724422458504734
392,http://www.usa.forzanuova.info/,www.usa.forzanuova.info,0.0017724422458504734
393,http://www.freedomfront.org/,www.freedomfront.org,0.0017724422458504734
394,http://hlmenckenclub.org/,hlmenckenclub.org,0.0017724422458504734
395,http://efp.org.uk/,efp.org.uk,0.0017724422458504734
396,https://www.identityevropa.com/,www.identityevropa.com,0.0017724422458504734
397,http://northwestfront.org/,northwestfront.org,0.0017724422458504734
398,http://www.npiamerica.org/,www.npiamerica.org,0.0017724422458504734
399,http://www.occidentaldissent.com/,www.occidentaldissent.com,0.0017724422458504734
400,http://www.theoccidentalobserver.net/,www.theoccidentalobserver.net,0.0017724422458504734
401,https://www.toqonline.com/,www.toqonline.com,0.0017724422458504734
402,https://www.patriotic-flags.com/,www.patriotic-flags.com,0.0017724422458504734
403,http://www.radixjournal.com/,www.radixjournal.com,0.0017724422458504734
404,rense.com,,0.0017724422458504734
405,http://www.scott-townsend.com/,www.scott-townsend.com,0.0017724422458504734
406,http://www.thesocialcontract.com/,www.thesocialcontract.com,0.006602376214599482
407,https://www.stormfront.org/forum/,www.stormfront.org,0.0017724422458504734
408,http://www.thepoliticalcesspool.org/,www.thepoliticalcesspool.org,0.0017724422458504734
409,http://therightstuff.biz/,therightstuff.biz,0.0017724422458504734
410,http://www.tradworker.org/,www.tradworker.org,0.0017724422458504734
411,http://www.tradyouth.org/,www.tradyouth.org,0.0017724422458504734
412,https://www.vdare.com,www.vdare.com,0.006602376214599482
413,vdare.com,,0.0017724422458504734
414,http://www.washsummit.com/,www.washsummit.com,0.0017724422458504734
415,http://whiterabbitradio.net/,whiterabbitradio.net,0.0017724422458504734
