URL,SPLCHateSiteRank
https://therightstuff.biz/,hate site
amren.com,hate site
http://faithandheritage.com/,hate site
https://www.jihadwatch.org/,hate site
https://barnesreview.org/,hate site
https://creativityalliance.com/,hate site
https://www.vdare.com,hate site
https://www.toqonline.com/,hate site
https://www.stormfront.org/forum/,hate site
https://www.identityevropa.com/,hate site
https://www.tradworker.org/,hate site
http://www.thepoliticalcesspool.org/,hate site
http://www.theoccidentalobserver.net/,hate site
http://altrighttv.com/,hate site
https://americansfortruth.com/,hate site
https://pamelageller.com/,hate site
https://codoh.com/,hate site
http://narrative-collapse.com/,hate site
http://whitegirlbleedalot.com/,hate site
http://www.newnation.org/,hate site
radioaryan.com,hate site
http://newobserveronline.com/,hate site
http://www.infostormer.com/,hate site
https://davidduke.com/,hate site
http://www.counter-currents.com,hate site
http://whitegenocideproject.com/,hate site
http://diversitymachtfrei.blogspot.de/,hate site
http://www.westernspring.co.uk/,hate site
https://redice.tv/,hate site
http://www.renegadetribune.com/,hate site
http://christogenea.org,hate site
https://nationalvanguard.org/,hate site
http://smoloko.com/,hate site
https://www.nordfront.se/,hate site
https://thegreateststorynevertold.tv/,hate site
http://semiticcontroversies.blogspot.com/,hate site
https://johndenugent.com/,hate site
http://gatesofvienna.net/,hate site
http://www.americanthinker.com/,borderline hate site
http://www.infowars.com,borderline hate site
http://www.thegatewaypundit.com,borderline hate site
http://www.wnd.com,borderline hate site
https://theconservativetreehouse.com/,borderline hate site
https://www.prisonplanet.com/,borderline hate site
https://www.henrymakow.com/,borderline hate site
,borderline hate site